{"months": [], "values": {"Newark Airport": {"0": 33.35, "1": 30.983333333333334, "2": 31.516666666666666, "3": 29.316666666666666, "4": 28.833333333333332, "5": 29.016666666666666, "6": 32.1, "7": 36.85, "8": 40.35, "9": 39.43333333333333, "10": 38.31666666666667, "11": 38.45, "12": 40.31666666666667, "13": 41.25, "14": 45.46666666666667, "15": 50.4, "16": 55.85, "17": 56.766666666666666, "18": 48.36666666666667, "19": 40.85, "20": 37.13333333333333, "21": 36.61666666666667, "22": 38.96666666666667, "23": 38.483333333333334}, "JFK Airport": {"0": 30.45, "1": 26.983333333333334, "2": 26.216666666666665, "3": 27.15, "4": 26.466666666666665, "5": 27.783333333333335, "6": 32.88333333333333, "7": 39.13333333333333, "8": 44.05, "9": 39.63333333333333, "10": 36.93333333333333, "11": 37.9, "12": 42.3, "13": 47.96666666666667, "14": 56.233333333333334, "15": 64.08333333333333, "16": 67.5, "17": 64.55, "18": 53.583333333333336, "19": 44.266666666666666, "20": 39.31666666666667, "21": 36.63333333333333, "22": 37.0, "23": 35.25}, "LaGuardia Airport": {"0": 26.366666666666667, "1": 22.266666666666666, "2": 22.433333333333334, "3": 19.9, "4": 20.666666666666668, "5": 21.083333333333332, "6": 23.033333333333335, "7": 27.083333333333332, "8": 27.916666666666668, "9": 28.433333333333334, "10": 28.033333333333335, "11": 27.866666666666667, "12": 29.433333333333334, "13": 31.216666666666665, "14": 33.45, "15": 37.11666666666667, "16": 39.7, "17": 38.71666666666667, "18": 31.4, "19": 26.466666666666665, "20": 26.75, "21": 27.483333333333334, "22": 29.116666666666667, "23": 27.9}}}